,Mean Test RMSE,Std Test RMSE,Mean Validation RMSE,Std Validation RMSE,Mean Train RMSE,Std Train RMSE,Training Time (Sec),Std Training Time
slope,80.93761731025378,0.0,57.64201811402394,0.0,57.59976995672949,0.29690051190894606,327.4183568954468,0.0
duration,2.0649019992110733,0.0,57.64201811402394,0.0,57.59976995672949,0.29690051190894606,327.4183568954468,0.0
