,Mean Test RMSE,Std Test RMSE,Mean Validation RMSE,Std Validation RMSE,Mean Train RMSE,Std Train RMSE,Training Time (Sec),Std Training Time
slope,81.40456577774857,0.0,57.690076117023544,0.0,57.67863472782074,0.319106757820831,305.11262702941895,0.0
duration,2.0629801572814053,0.0,57.690076117023544,0.0,57.67863472782074,0.319106757820831,305.11262702941895,0.0
