,Mean Test RMSE,Std Test RMSE,Mean Validation RMSE,Std Validation RMSE,Mean Train RMSE,Std Train RMSE,Training Time (Sec),Std Training Time
slope,89.1342351629415,0.0,63.12547985130103,0.0,62.858030847209655,0.02911952523059709,386.2955741882324,0.0
duration,2.1115418485811075,0.0,63.12547985130103,0.0,62.858030847209655,0.02911952523059709,386.2955741882324,0.0
