,Mean Test RMSE,Std Test RMSE,Mean Validation RMSE,Std Validation RMSE,Mean Train RMSE,Std Train RMSE,Training Time (Sec),Std Training Time
slope,89.14222626926338,0.0,45.6124235564643,43.57236911547793,62.853797030348105,0.027385592751174477,302.15862011909485,0.0
duration,2.062458188902941,0.0,45.6124235564643,43.57236911547793,62.853797030348105,0.027385592751174477,302.15862011909485,0.0
