,Mean Test RMSE,Std Test RMSE,Mean Val RMSE,Std Val RMSE,Mean Train RMSE,Std Train RMSE,Mean Test MAE,Std Test MAE,Mean Val MAE,Std Val MAE,Mean Train MAE,Std Train MAE,Mean Test MAPE,Std Test MAPE,Mean Val MAPE,Std Val MAPE,Mean Train MAPE,Std Train MAPE,Mean Training Time (Sec),Std Training Time
slope,0.002108506384997843,0.0,0.002090397791666889,0.0,0.002059853954755542,0.0,0.0015287220996056195,0.0,0.0015150874312694358,0.0,0.0014937810892551363,0.0,0.13030203804802987,0.0,0.18948262476962968,0.0,0.2711647785346243,0.0,335.3318622112274,0.0
duration,0.002108506384997843,0.0,0.002090397791666889,0.0,0.002059853954755542,0.0,0.0015287220996056195,0.0,0.0015150874312694358,0.0,0.0014937810892551363,0.0,0.13030203804802987,0.0,0.18948262476962968,0.0,0.2711647785346243,0.0,335.3318622112274,0.0
